{
    "name": "root",
    "metadata": {
        "timer_format_version": "0.1.0",
        "start_time_seconds": "1660926778",
        "python_version": "3.7.6 (tags/v3.7.6:43364a7ae0, Dec 19 2019, 00:42:30) [MSC v.1916 64 bit (AMD64)]",
        "command_line_arguments": "C:\\Users\\LEGION\\Desktop\\UnityProjs\\ModelTraining\\reinf\\Scripts\\mlagents-learn --run-id=fullAgentPro2",
        "mlagents_version": "0.29.0",
        "mlagents_envs_version": "0.29.0",
        "communication_protocol_version": "1.5.0",
        "pytorch_version": "1.7.0+cu110",
        "numpy_version": "1.21.2",
        "end_time_seconds": "1660926852"
    },
    "total": 73.988761,
    "count": 1,
    "self": 10.006879999999995,
    "children": {
        "run_training.setup": {
            "total": 0.10393300000000005,
            "count": 1,
            "self": 0.10393300000000005
        },
        "TrainerController.start_learning": {
            "total": 63.877948,
            "count": 1,
            "self": 0.02675139999993803,
            "children": {
                "TrainerController._reset_env": {
                    "total": 9.4006405,
                    "count": 1,
                    "self": 9.4006405
                },
                "TrainerController.advance": {
                    "total": 54.26613060000006,
                    "count": 1047,
                    "self": 0.027274499999883517,
                    "children": {
                        "env_step": {
                            "total": 49.47453440000009,
                            "count": 1047,
                            "self": 42.738554700000066,
                            "children": {
                                "SubprocessEnvManager._take_step": {
                                    "total": 6.72026969999995,
                                    "count": 1048,
                                    "self": 0.07510380000001327,
                                    "children": {
                                        "TorchPolicy.evaluate": {
                                            "total": 6.645165899999936,
                                            "count": 978,
                                            "self": 1.761265199999924,
                                            "children": {
                                                "TorchPolicy.sample_actions": {
                                                    "total": 4.883900700000012,
                                                    "count": 978,
                                                    "self": 4.883900700000012
                                                }
                                            }
                                        }
                                    }
                                },
                                "workers": {
                                    "total": 0.01571000000007139,
                                    "count": 1046,
                                    "self": 0.0,
                                    "children": {
                                        "worker_root": {
                                            "total": 45.4978914,
                                            "count": 1046,
                                            "is_parallel": true,
                                            "self": 14.987530099999919,
                                            "children": {
                                                "steps_from_proto": {
                                                    "total": 0.0012622000000002132,
                                                    "count": 2,
                                                    "is_parallel": true,
                                                    "self": 0.0006721000000009525,
                                                    "children": {
                                                        "_process_rank_one_or_two_observation": {
                                                            "total": 0.0005900999999992607,
                                                            "count": 4,
                                                            "is_parallel": true,
                                                            "self": 0.0005900999999992607
                                                        }
                                                    }
                                                },
                                                "UnityEnvironment.step": {
                                                    "total": 30.509099100000082,
                                                    "count": 1046,
                                                    "is_parallel": true,
                                                    "self": 0.1838235999999398,
                                                    "children": {
                                                        "UnityEnvironment._generate_step_input": {
                                                            "total": 0.3560523000000142,
                                                            "count": 1046,
                                                            "is_parallel": true,
                                                            "self": 0.3560523000000142
                                                        },
                                                        "communicator.exchange": {
                                                            "total": 29.4868534000001,
                                                            "count": 1046,
                                                            "is_parallel": true,
                                                            "self": 29.4868534000001
                                                        },
                                                        "steps_from_proto": {
                                                            "total": 0.4823698000000256,
                                                            "count": 1046,
                                                            "is_parallel": true,
                                                            "self": 0.2654880000000386,
                                                            "children": {
                                                                "_process_rank_one_or_two_observation": {
                                                                    "total": 0.21688179999998702,
                                                                    "count": 2092,
                                                                    "is_parallel": true,
                                                                    "self": 0.21688179999998702
                                                                }
                                                            }
                                                        }
                                                    }
                                                }
                                            }
                                        }
                                    }
                                }
                            }
                        },
                        "trainer_advance": {
                            "total": 4.764321700000092,
                            "count": 1046,
                            "self": 0.034101800000037485,
                            "children": {
                                "process_trajectory": {
                                    "total": 2.248411900000054,
                                    "count": 1046,
                                    "self": 2.248411900000054
                                },
                                "_update_policy": {
                                    "total": 2.481808000000001,