{"count":1,"self":102.25997439999999,"total":901.44155349999994,"children":{"InitializeActuators":{"count":20,"self":0.0019944999999999997,"total":0.0019944999999999997,"children":null},"InitializeSensors":{"count":20,"self":0.0019938,"total":0.0019938,"children":null},"AgentSendState":{"count":97351,"self":2.078754,"total":8.3468286,"children":{"CollectObservations":{"count":389420,"self":0.87194949999999993,"total":0.87194949999999993,"children":null},"WriteActionMask":{"count":389420,"self":0.4077089,"total":0.4077089,"children":null},"RequestDecision":{"count":389420,"self":1.5342653,"total":4.9884162,"children":{"AgentInfo.ToProto":{"count":389420,"self":1.4026455,"total":3.4541508999999997,"children":{"GenerateSensorData":{"count":389420,"self":2.0515054,"total":2.0515054,"children":null}}}}}}},"DecideAction":{"count":97351,"self":400.22210559999996,"total":400.22211369999997,"children":null},"AgentAct":{"count":97351,"self":390.3484416,"total":390.36348019999997,"children":{"AgentInfo.ToProto":{"count":768,"self":0.0060319,"total":0.0150472,"children":{"GenerateSensorData":{"count":768,"self":0.0090153,"total":0.0090153,"children":null}}}}},"AgentInfo.ToProto":{"count":14699,"self":0.092141199999999993,"total":0.2441706,"children":{"GenerateSensorData":{"count":14699,"self":0.15202939999999998,"total":0.15202939999999998,"children":null}}}},"gauges":{"MoveToGoal.CumulativeReward":{"count":15467,"max":7.99997473,"min":-2.05300236,"runningAverage":-1.00454175,"value":-0.9999907,"weightedAverage":-1.15638185}},"metadata":{"timer_format_version":"0.1.0","start_time_seconds":"1661171806","unity_version":"2021.3.6f1","command_line_arguments":"C:\\Program Files\\Unity\\Hub\\Editor\\2021.3.6f1\\Editor\\Unity.exe -projectpath C:\\Users\\LEGION\\Desktop\\UnityProjs\\ModelTraining -useHub -hubIPC -cloudEnvironment production -licensingIpc LicenseClient-LEGION -hubSessionId d9363430-2211-11ed-adf3-29350c507e89 -accessToken XqrABDIFjFETB2_Ld8m94MzbEEU6a4t7bNGX1olM7eQ012f","communication_protocol_version":"1.5.0","com.unity.ml-agents_version":"2.0.1","scene_name":"SampleScene","end_time_seconds":"1661172707"}}