{
    "name": "root",
    "metadata": {
        "timer_format_version": "0.1.0",
        "start_time_seconds": "1668093707",
        "python_version": "3.7.6 (tags/v3.7.6:43364a7ae0, Dec 19 2019, 00:42:30) [MSC v.1916 64 bit (AMD64)]",
        "command_line_arguments": "C:\\Users\\LEGION\\Desktop\\UnityProjs\\ModelTraining\\reinf\\Scripts\\mlagents-learn --run-id=BasicQlearning2",
        "mlagents_version": "0.29.0",
        "mlagents_envs_version": "0.29.0",
        "communication_protocol_version": "1.5.0",
        "pytorch_version": "1.7.0+cu110",
        "numpy_version": "1.21.2",
        "end_time_seconds": "1668094242"
    },
    "total": 534.9334872999999,
    "count": 1,
    "self": 0.007916199999954188,
    "children": {
        "run_training.setup": {
            "total": 0.13676400000000033,
            "count": 1,
            "self": 0.13676400000000033
        },
        "TrainerController.start_learning": {
            "total": 534.7888071,
            "count": 1,
            "self": 0.7378398999999263,
            "children": {
                "TrainerController._reset_env": {
                    "total": 17.534561,
                    "count": 1,
                    "self": 17.534561
                },
                "TrainerController.advance": {
                    "total": 516.2632499,
                    "count": 28107,
                    "self": 0.777680899998586,
                    "children": {
                        "env_step": {
                            "total": 503.23680249999734,
                            "count": 28107,
                            "self": 305.93962479998606,
                            "children": {
                                "SubprocessEnvManager._take_step": {
                                    "total": 196.81502210000508,
                                    "count": 28107,
                                    "self": 2.0230285000102697,
                                    "children": {
                                        "TorchPolicy.evaluate": {
                                            "total": 194.7919935999948,
                                            "count": 27491,
                                            "self": 49.902908099991436,
                                            "children": {
                                                "TorchPolicy.sample_actions": {
                                                    "total": 144.88908550000338,
                                                    "count": 27491,
                                                    "self": 144.88908550000338
                                                }
                                            }
                                        }
                                    }
                                },
                                "workers": {
                                    "total": 0.48215560000618396,
                                    "count": 28106,
                                    "self": 0.0,
                                    "children": {
                                        "worker_root": {
                                            "total": 457.08601149999885,
                                            "count": 28106,
                                            "is_parallel": true,
                                            "self": 244.66753269999927,
                                            "children": {
                                                "steps_from_proto": {
                                                    "total": 0.0009095999999999549,
                                                    "count": 1,
                                                    "is_parallel": true,
                                                    "self": 0.0004929999999987444,
                                                    "children": {
                                                        "_process_rank_one_or_two_observation": {
                                                            "total": 0.00041660000000121045,
                                                            "count": 2,
                                                            "is_parallel": true,
                                                            "self": 0.00041660000000121045
                                                        }
                                                    }
                                                },
                                                "UnityEnvironment.step": {
                                                    "total": 212.41756919999958,
                                                    "count": 28106,
                                                    "is_parallel": true,
                                                    "self": 2.774020499994265,
                                                    "children": {
                                                        "UnityEnvironment._generate_step_input": {
                                                            "total": 2.3707726000009615,
                                                            "count": 28106,
                                                            "is_parallel": true,
                                                            "self": 2.3707726000009615
                                                        },
                                                        "communicator.exchange": {
                                                            "total": 197.8520440000005,
                                                            "count": 28106,
                                                            "is_parallel": true,
                                                            "self": 197.8520440000005
                                                        },
                                                        "steps_from_proto": {
                                                            "total": 9.420732100003839,
                                                            "count": 28106,
                                                            "is_parallel": true,
                                                            "self": 6.423812700000724,
                                                            "children": {
                                                                "_process_rank_one_or_two_observation": {
                                                                    "total": 2.996919400003115,
                                                                    "count": 56212,
                                                                    "is_parallel": true,
                                                                    "self": 2.996919400003115
                                                                }
                                                            }
                                                        }
                                                    }
                                                }
                                            }
                                        }
                                    }
                                }
                            }
                        },
                        "trainer_advance": {
                            "total": 12.248766500004116,
                            "count": 28106,
                            "self": 0.8842414000040755,
                            "children": {
                                "process_trajectory": {
                                    "total": 5.8150841000000675,
                                    "count": 28106,
                                    "self": 5.8150841000000675
                                },