{
    "name": "root",
    "gauges": {
        "MoveToGoal.Policy.Entropy.mean": {
            "value": 1.9719367027282715,
            "min": 1.9719367027282715,
            "max": 2.8899989128112793,
            "count": 14
        },
        "MoveToGoal.Policy.Entropy.sum": {
            "value": 19829.794921875,
            "min": 19829.794921875,
            "max": 30032.869140625,
            "count": 14
        },
        "MoveToGoal.Environment.EpisodeLength.mean": {
            "value": 20.86859688195991,
            "min": 20.501075268817203,
            "max": 48.45320197044335,
            "count": 14
        },
        "MoveToGoal.Environment.EpisodeLength.sum": {
            "value": 9370.0,
            "min": 9370.0,
            "max": 9850.0,
            "count": 14
        },
        "MoveToGoal.Step.mean": {
            "value": 139983.0,
            "min": 9989.0,
            "max": 139983.0,
            "count": 14
        },
        "MoveToGoal.Step.sum": {
            "value": 139983.0,
            "min": 9989.0,
            "max": 139983.0,
            "count": 14
        },
        "MoveToGoal.Policy.ExtrinsicValueEstimate.mean": {
            "value": 3.276026725769043,
            "min": -1.627153754234314,
            "max": 3.276026725769043,
            "count": 14
        },
        "MoveToGoal.Policy.ExtrinsicValueEstimate.sum": {
            "value": 1493.8681640625,
            "min": -460.9150085449219,
            "max": 1493.8681640625,
            "count": 14
        },
        "MoveToGoal.Environment.CumulativeReward.mean": {
            "value": 4.184855233853007,
            "min": -4.319148936170213,
            "max": 4.380645161290323,
            "count": 14
        },
        "MoveToGoal.Environment.CumulativeReward.sum": {
            "value": 1879.0,
            "min": -1624.0,
            "max": 2037.0,
            "count": 14
        },
        "MoveToGoal.Policy.ExtrinsicReward.mean": {
            "value": 4.184855233853007,
            "min": -4.319148936170213,
            "max": 4.380645161290323,
            "count": 14
        },
        "MoveToGoal.Policy.ExtrinsicReward.sum": {
            "value": 1879.0,
            "min": -1624.0,
            "max": 2037.0,
            "count": 14
        },
        "MoveToGoal.IsTraining.mean": {
            "value": 1.0,
            "min": 1.0,
            "max": 1.0,
            "count": 14
        },
        "MoveToGoal.IsTraining.sum": {
            "value": 1.0,
            "min": 1.0,
            "max": 1.0,
            "count": 14
        },
        "MoveToGoal.Losses.PolicyLoss.mean": {
            "value": 0.029006588449313617,
            "min": 0.01842071160984536,
            "max": 0.029006588449313617,
            "count": 13
        },
        "MoveToGoal.Losses.PolicyLoss.sum": {
            "value": 0.029006588449313617,
            "min": 0.01842071160984536,
            "max": 0.029006588449313617,
            "count": 13
        },
        "MoveToGoal.Losses.ValueLoss.mean": {
            "value": 1.5318906863530477,
            "min": 1.3851621667544047,
            "max": 3.600176374117533,
            "count": 13
        },
        "MoveToGoal.Losses.ValueLoss.sum": {
            "value": 1.5318906863530477,
            "min": 1.3851621667544047,
            "max": 3.600176374117533,
            "count": 13
        },
        "MoveToGoal.Policy.LearningRate.mean": {
            "value": 0.0002799951066683,
            "min": 0.0002799951066683,
            "max": 0.00029846385051205006,
            "count": 13
        },
        "MoveToGoal.Policy.LearningRate.sum": {
            "value": 0.0002799951066683,
            "min": 0.0002799951066683,
            "max": 0.00029846385051205006,
            "count": 13
        },
        "MoveToGoal.Policy.Epsilon.mean": {
            "value": 0.19333169999999997,
            "min": 0.19333169999999997,
            "max": 0.19948795000000002,
            "count": 13
        },
        "MoveToGoal.Policy.Epsilon.sum": {
            "value": 0.19333169999999997,
            "min": 0.19333169999999997,
            "max": 0.19948795000000002,
            "count": 13
        },
        "MoveToGoal.Policy.Beta.mean": {
            "value": 0.0004673253300000001,
            "min": 0.0004673253300000001,
            "max": 0.0004974909550000002,
            "count": 13
        },
        "MoveToGoal.Policy.Beta.sum": {
            "value": 0.0004673253300000001,
            "min": 0.0004673253300000001,
            "max": 0.0004974909550000002,
            "count": 13
        }
    },
    "metadata": {
        "timer_format_version": "0.1.0",
        "start_time_seconds": "1673109916",
        "python_version": "3.7.6 (tags/v3.7.6:43364a7ae0, Dec 19 2019, 00:42:30) [MSC v.1916 64 bit (AMD64)]",
        "command_line_arguments": "C:\\Users\\LEGION\\Desktop\\UnityProjs\\ModelTraining\\reinf\\Scripts\\mlagents-learn config/MoveToGoal2.yaml --run-id=SAC_model2",
        "mlagents_version": "0.29.0",
        "mlagents_envs_version": "0.29.0",
        "communication_protocol_version": "1.5.0",
        "pytorch_version": "1.7.0+cu110",
        "numpy_version": "1.21.2",
        "end_time_seconds": "1673110236"
    },
    "total": 319.8137232,
    "count": 1,
    "self": 0.0070554000000129236,
    "children": {
        "run_training.setup": {
            "total": 0.1576073,
            "count": 1,
            "self": 0.1576073
        },
        "TrainerController.start_learning": {
            "total": 319.6490605,
            "count": 1,
            "self": 0.4029621000008774,
            "children": {
                "TrainerController._reset_env": {
                    "total": 13.733510299999999,
                    "count": 1,
                    "self": 13.733510299999999
                },
                "TrainerController.advance": {
                    "total": 305.31945319999915,
                    "count": 15827,
                    "self": 0.42869309999974803,
                    "children": {
                        "env_step": {
                            "total": 242.29467199999598,
                            "count": 15827,
                            "self": 165.08927090000012,
                            "children": {
                                "SubprocessEnvManager._take_step": {
                                    "total": 76.9561349999999,
                                    "count": 15827,
                                    "self": 0.9157280999991713,
                                    "children": {
                                        "TorchPolicy.evaluate": {
                                            "total": 76.04040690000073,
                                            "count": 11987,
                                            "self": 17.210814299999967,
                                            "children": {
                                                "TorchPolicy.sample_actions": {
                                                    "total": 58.829592600000765,
                                                    "count": 11987,
                                                    "self": 58.829592600000765
                                                }
                                            }
                                        }
                                    }
                                },
                                "workers": {
                                    "total": 0.2492660999959675,
                                    "count": 15826,
                                    "self": 0.0,
                                    "children": {
                                        "worker_root": {
                                            "total": 302.8325270999988,
                                            "count": 15826,
                                            "is_parallel": true,