{
    "name": "root",
    "gauges": {
        "RunFromPredator.Policy.Entropy.mean": {
            "value": 1.2817587852478027,
            "min": 0.8024667501449585,
            "max": 1.4907341003417969,
            "count": 10
        },
        "RunFromPredator.Policy.Entropy.sum": {
            "value": 64216.11328125,
            "min": 40425.06640625,
            "max": 74435.3359375,
            "count": 10
        },
        "RunFromPredator.Environment.EpisodeLength.mean": {
            "value": 77.0894819466248,
            "min": 58.98668280871671,
            "max": 77.0894819466248,
            "count": 10
        },
        "RunFromPredator.Environment.EpisodeLength.sum": {
            "value": 49106.0,
            "min": 48241.0,
            "max": 49565.0,
            "count": 10
        },
        "RunFromPredator.Step.mean": {
            "value": 499977.0,
            "min": 49939.0,
            "max": 499977.0,
            "count": 10
        },
        "RunFromPredator.Step.sum": {
            "value": 499977.0,
            "min": 49939.0,
            "max": 499977.0,
            "count": 10
        },
        "RunFromPredator.Policy.ExtrinsicValueEstimate.mean": {
            "value": -0.5466659069061279,
            "min": -39.72856140136719,
            "max": -0.46897605061531067,
            "count": 10
        },
        "RunFromPredator.Policy.ExtrinsicValueEstimate.sum": {
            "value": -624.29248046875,
            "min": -48468.84375,
            "max": -552.4537963867188,
            "count": 10
        },
        "RunFromPredator.Environment.CumulativeReward.mean": {
            "value": -1.024332818655616,
            "min": -1.0363363433886577,
            "max": -0.8855855847980167,
            "count": 10
        },
        "RunFromPredator.Environment.CumulativeReward.sum": {
            "value": -652.5000054836273,
            "min": -796.1999998092651,
            "max": -589.7999994754791,
            "count": 10
        },
        "RunFromPredator.Policy.ExtrinsicReward.mean": {
            "value": -1.024332818655616,
            "min": -1.0363363433886577,
            "max": -0.8855855847980167,
            "count": 10
        },
        "RunFromPredator.Policy.ExtrinsicReward.sum": {
            "value": -652.5000054836273,
            "min": -796.1999998092651,
            "max": -589.7999994754791,
            "count": 10
        },
        "RunFromPredator.Losses.PolicyLoss.mean": {
            "value": 0.02099266581858198,
            "min": 0.019314625294258196,
            "max": 0.02707864170273145,
            "count": 10
        },
        "RunFromPredator.Losses.PolicyLoss.sum": {
            "value": 0.1049633290929099,
            "min": 0.09657312647129099,
            "max": 0.12970029534772037,
            "count": 10
        },
        "RunFromPredator.Losses.ValueLoss.mean": {
            "value": 0.06361163591345151,
            "min": 0.04338693883270025,
            "max": 207.96474283536273,
            "count": 10
        },
        "RunFromPredator.Losses.ValueLoss.sum": {
            "value": 0.31805817956725757,
            "min": 0.21693469416350125,
            "max": 831.8589713414509,
            "count": 10
        },
        "RunFromPredator.Policy.LearningRate.mean": {
            "value": 1.6713454428880004e-05,
            "min": 1.6713454428880004e-05,
            "max": 0.00028458585513805,
            "count": 10
        },
        "RunFromPredator.Policy.LearningRate.sum": {
            "value": 8.356727214440001e-05,
            "min": 8.356727214440001e-05,
            "max": 0.0012843132718955998,
            "count": 10
        },
        "RunFromPredator.Policy.Epsilon.mean": {
            "value": 0.10557112000000002,
            "min": 0.10557112000000002,
            "max": 0.19486195,
            "count": 10
        },
        "RunFromPredator.Policy.Epsilon.sum": {
            "value": 0.5278556000000001,
            "min": 0.5003352,
            "max": 0.9281044000000002,
            "count": 10
        },
        "RunFromPredator.Policy.Beta.mean": {
            "value": 0.00028799888800000006,
            "min": 0.00028799888800000006,
            "max": 0.004743611305,
            "count": 10
        },
        "RunFromPredator.Policy.Beta.sum": {
            "value": 0.0014399944400000004,
            "min": 0.0014399944400000004,
            "max": 0.02141240956,
            "count": 10
        },
        "RunFromPredator.IsTraining.mean": {
            "value": 1.0,
            "min": 1.0,
            "max": 1.0,
            "count": 10
        },
        "RunFromPredator.IsTraining.sum": {
            "value": 1.0,
            "min": 1.0,
            "max": 1.0,
            "count": 10
        }
    },
    "metadata": {
        "timer_format_version": "0.1.0",
        "start_time_seconds": "1661631538",
        "python_version": "3.7.6 (tags/v3.7.6:43364a7ae0, Dec 19 2019, 00:42:30) [MSC v.1916 64 bit (AMD64)]",
        "command_line_arguments": "C:\\Users\\LEGION\\Desktop\\UnityProjs\\ModelTraining\\reinf\\Scripts\\mlagents-learn --run-id=PredEscapeTest5",
        "mlagents_version": "0.29.0",
        "mlagents_envs_version": "0.29.0",
        "communication_protocol_version": "1.5.0",
        "pytorch_version": "1.7.0+cu110",
        "numpy_version": "1.21.2",
        "end_time_seconds": "1661633128"
    },
    "total": 1589.963621,
    "count": 1,
    "self": 0.009602900000118098,
    "children": {
        "run_training.setup": {
            "total": 0.1345767,
            "count": 1,
            "self": 0.1345767
        },
        "TrainerController.start_learning": {
            "total": 1589.8194414,
            "count": 1,
            "self": 1.176744400001553,
            "children": {
                "TrainerController._reset_env": {
                    "total": 11.9259364,
                    "count": 1,
                    "self": 11.9259364
                },
                "TrainerController.advance": {
                    "total": 1576.5701950999983,
                    "count": 47270,
                    "self": 1.2334204999915528,
                    "children": {
                        "env_step": {
                            "total": 1381.2501442000032,
                            "count": 47270,
                            "self": 1065.7434277999864,
                            "children": {
                                "SubprocessEnvManager._take_step": {
                                    "total": 314.7475522000096,
                                    "count": 47272,
                                    "self": 3.0545755000120494,
                                    "children": {
                                        "TorchPolicy.evaluate": {
                                            "total": 311.69297669999753,
                                            "count": 41752,
                                            "self": 62.698148599986325,
                                            "children": {
                                                "TorchPolicy.sample_actions": {
                                                    "total": 248.9948281000112,
                                                    "count": 41752,
                                                    "self": 248.9948281000112
                                                }
                                            }
                                        }
                                    }
                                },
                                "workers": {
                                    "total": 0.7591642000071808,
                                    "count": 47270,
                                    "self": 0.0,
                                    "children": {
                                        "worker_root": {
                                            "total": 1481.519935600006,