{
    "name": "root",
    "gauges": {
        "MoveToGoal.Policy.Entropy.mean": {
            "value": 1.7985694408416748,
            "min": 1.7985694408416748,
            "max": 2.8391828536987305,
            "count": 4
        },
        "MoveToGoal.Policy.Entropy.sum": {
            "value": 89892.5,
            "min": 89892.5,
            "max": 143265.171875,
            "count": 4
        },
        "MoveToGoal.Environment.EpisodeLength.mean": {
            "value": 18.817821782178218,
            "min": 18.817821782178218,
            "max": 34.459729151817534,
            "count": 4
        },
        "MoveToGoal.Environment.EpisodeLength.sum": {
            "value": 47515.0,
            "min": 47515.0,
            "max": 48383.0,
            "count": 4
        },
        "MoveToGoal.Step.mean": {
            "value": 199985.0,
            "min": 49997.0,
            "max": 199985.0,
            "count": 4
        },
        "MoveToGoal.Step.sum": {
            "value": 199985.0,
            "min": 49997.0,
            "max": 199985.0,
            "count": 4
        },
        "MoveToGoal.Policy.ExtrinsicValueEstimate.mean": {
            "value": 3.8175525665283203,
            "min": -0.042983174324035645,
            "max": 3.8175525665283203,
            "count": 4
        },
        "MoveToGoal.Policy.ExtrinsicValueEstimate.sum": {
            "value": 9643.1376953125,
            "min": -71.82488250732422,
            "max": 9643.1376953125,
            "count": 4
        },
        "MoveToGoal.Environment.CumulativeReward.mean": {
            "value": 4.777931854199683,
            "min": -0.0695435092724679,
            "max": 4.824549549549549,
            "count": 4
        },
        "MoveToGoal.Environment.CumulativeReward.sum": {
            "value": 12059.5,
            "min": -97.5,
            "max": 12059.5,
            "count": 4
        },
        "MoveToGoal.Policy.ExtrinsicReward.mean": {
            "value": 4.777931854199683,
            "min": -0.0695435092724679,
            "max": 4.824549549549549,
            "count": 4
        },
        "MoveToGoal.Policy.ExtrinsicReward.sum": {
            "value": 12059.5,
            "min": -97.5,
            "max": 12059.5,
            "count": 4
        },
        "MoveToGoal.Losses.PolicyLoss.mean": {
            "value": 0.02564071884669829,
            "min": 0.022298724851571024,
            "max": 0.02564071884669829,
            "count": 4
        },
        "MoveToGoal.Losses.PolicyLoss.sum": {
            "value": 0.12820359423349145,
            "min": 0.10077224494404315,
            "max": 0.12820359423349145,
            "count": 4
        },
        "MoveToGoal.Losses.ValueLoss.mean": {
            "value": 0.9256412092844645,
            "min": 0.6304540500044823,
            "max": 1.4731671504179638,
            "count": 4
        },
        "MoveToGoal.Losses.ValueLoss.sum": {
            "value": 4.6282060464223225,
            "min": 2.521816200017929,
            "max": 7.3658357520898186,
            "count": 4
        },
        "MoveToGoal.Policy.LearningRate.mean": {
            "value": 0.00019532343489220006,
            "min": 0.00019532343489220006,
            "max": 0.00028461120512960004,
            "count": 4
        },
        "MoveToGoal.Policy.LearningRate.sum": {
            "value": 0.0009766171744610003,
            "min": 0.0009766171744610003,
            "max": 0.0012843594718801997,
            "count": 4
        },
        "MoveToGoal.Policy.Epsilon.mean": {
            "value": 0.1651078,
            "min": 0.1651078,
            "max": 0.1948704,
            "count": 4
        },
        "MoveToGoal.Policy.Epsilon.sum": {
            "value": 0.825539,
            "min": 0.7794816,
            "max": 0.9281197999999999,
            "count": 4
        },
        "MoveToGoal.Policy.Beta.mean": {
            "value": 0.00325887922,
            "min": 0.00325887922,
            "max": 0.00474403296,
            "count": 4
        },
        "MoveToGoal.Policy.Beta.sum": {
            "value": 0.0162943961,
            "min": 0.0162943961,
            "max": 0.021413178019999996,
            "count": 4
        },
        "MoveToGoal.IsTraining.mean": {
            "value": 1.0,
            "min": 1.0,
            "max": 1.0,
            "count": 4
        },
        "MoveToGoal.IsTraining.sum": {
            "value": 1.0,
            "min": 1.0,
            "max": 1.0,
            "count": 4
        }
    },
    "metadata": {
        "timer_format_version": "0.1.0",
        "start_time_seconds": "1661272731",
        "python_version": "3.7.6 (tags/v3.7.6:43364a7ae0, Dec 19 2019, 00:42:30) [MSC v.1916 64 bit (AMD64)]",
        "command_line_arguments": "C:\\Users\\LEGION\\Desktop\\UnityProjs\\ModelTraining\\reinf\\Scripts\\mlagents-learn --initialize-from=RunningX3 --run-id=RunningX5",
        "mlagents_version": "0.29.0",
        "mlagents_envs_version": "0.29.0",
        "communication_protocol_version": "1.5.0",
        "pytorch_version": "1.7.0+cu110",
        "numpy_version": "1.21.2",
        "end_time_seconds": "1661273108"
    },
    "total": 376.3977903,
    "count": 1,
    "self": 0.020351399999981368,
    "children": {
        "run_training.setup": {
            "total": 0.21374720000000003,
            "count": 1,
            "self": 0.21374720000000003
        },
        "TrainerController.start_learning": {
            "total": 376.1636917,
            "count": 1,
            "self": 0.438129600002128,
            "children": {
                "TrainerController._reset_env": {
                    "total": 10.6766474,
                    "count": 1,
                    "self": 10.6766474
                },
                "TrainerController.advance": {
                    "total": 364.8273582999979,
                    "count": 16850,
                    "self": 0.44676309999664454,
                    "children": {
                        "env_step": {
                            "total": 268.4192086000013,
                            "count": 16850,
                            "self": 196.61221370000106,
                            "children": {
                                "SubprocessEnvManager._take_step": {
                                    "total": 71.54907989999903,
                                    "count": 16850,
                                    "self": 0.8604850999957421,
                                    "children": {
                                        "TorchPolicy.evaluate": {
                                            "total": 70.68859480000329,
                                            "count": 10541,
                                            "self": 18.119557600002963,
                                            "children": {
                                                "TorchPolicy.sample_actions": {
                                                    "total": 52.569037200000324,
                                                    "count": 10541,
                                                    "self": 52.569037200000324
                                                }
                                            }
                                        }
                                    }
                                },
                                "workers": {
                                    "total": 0.2579150000012156,
                                    "count": 16849,
                                    "self": 0.0,
                                    "children": {
                                        "worker_root": {
                                            "total": 304.79553059999756,
                                            "count": 16849,
                                            "is_parallel": true,
                                            "self": 194.48752739999475,