{
    "name": "root",
    "gauges": {
        "RunFromPredator.Policy.Entropy.mean": {
            "value": 5.458890438079834,
            "min": 5.458890438079834,
            "max": 5.692935466766357,
            "count": 10
        },
        "RunFromPredator.Policy.Entropy.sum": {
            "value": 272900.84375,
            "min": 272900.84375,
            "max": 286514.0625,
            "count": 10
        },
        "RunFromPredator.Environment.EpisodeLength.mean": {
            "value": 10.819664381942804,
            "min": 9.30851722004537,
            "max": 20.126382978723406,
            "count": 10
        },
        "RunFromPredator.Environment.EpisodeLength.sum": {
            "value": 45778.0,
            "min": 45137.0,
            "max": 47698.0,
            "count": 10
        },
        "RunFromPredator.Step.mean": {
            "value": 499990.0,
            "min": 49984.0,
            "max": 499990.0,
            "count": 10
        },
        "RunFromPredator.Step.sum": {
            "value": 499990.0,
            "min": 49984.0,
            "max": 499990.0,
            "count": 10
        },
        "RunFromPredator.Policy.ExtrinsicValueEstimate.mean": {
            "value": 2.049362897872925,
            "min": -0.48039352893829346,
            "max": 2.049362897872925,
            "count": 10
        },
        "RunFromPredator.Policy.ExtrinsicValueEstimate.sum": {
            "value": 9033.591796875,
            "min": -1434.455078125,
            "max": 9033.591796875,
            "count": 10
        },
        "RunFromPredator.Environment.CumulativeReward.mean": {
            "value": 0.4621650024091143,
            "min": -0.9986096159362231,
            "max": 0.4621650024091143,
            "count": 10
        },
        "RunFromPredator.Environment.CumulativeReward.sum": {
            "value": 1955.4201251929626,
            "min": -2773.853951329016,
            "max": 1955.4201251929626,
            "count": 10
        },
        "RunFromPredator.Policy.ExtrinsicReward.mean": {
            "value": 0.4621650024091143,
            "min": -0.9986096159362231,
            "max": 0.4621650024091143,
            "count": 10
        },
        "RunFromPredator.Policy.ExtrinsicReward.sum": {
            "value": 1955.4201251929626,
            "min": -2773.853951329016,
            "max": 1955.4201251929626,
            "count": 10
        },
        "RunFromPredator.Losses.PolicyLoss.mean": {
            "value": 0.024514230767575407,
            "min": 0.021107972070070296,
            "max": 0.02568559859811709,
            "count": 10
        },
        "RunFromPredator.Losses.PolicyLoss.sum": {
            "value": 0.12257115383787703,
            "min": 0.1010573737488206,
            "max": 0.12257115383787703,
            "count": 10
        },
        "RunFromPredator.Losses.ValueLoss.mean": {
            "value": 6.705730056762695,
            "min": 0.43190618256727853,
            "max": 6.705730056762695,
            "count": 10
        },
        "RunFromPredator.Losses.ValueLoss.sum": {
            "value": 33.52865028381348,
            "min": 1.7276247302691141,
            "max": 33.52865028381348,
            "count": 10
        },
        "RunFromPredator.Policy.LearningRate.mean": {
            "value": 1.6841614386160006e-05,
            "min": 1.6841614386160006e-05,
            "max": 0.0002846103051299,
            "count": 10
        },
        "RunFromPredator.Policy.LearningRate.sum": {
            "value": 8.420807193080002e-05,
            "min": 8.420807193080002e-05,
            "max": 0.0012846462717846,
            "count": 10
        },
        "RunFromPredator.Policy.Epsilon.mean": {
            "value": 0.10561384000000003,
            "min": 0.10561384000000003,
            "max": 0.1948701,
            "count": 10
        },
        "RunFromPredator.Policy.Epsilon.sum": {
            "value": 0.5280692000000001,
            "min": 0.5004196000000001,
            "max": 0.9282153999999998,
            "count": 10
        },
        "RunFromPredator.Policy.Beta.mean": {
            "value": 0.00029013061600000013,
            "min": 0.00029013061600000013,
            "max": 0.004744017989999999,
            "count": 10
        },
        "RunFromPredator.Policy.Beta.sum": {
            "value": 0.0014506530800000006,
            "min": 0.0014506530800000006,
            "max": 0.021417948460000003,
            "count": 10
        },
        "RunFromPredator.IsTraining.mean": {
            "value": 1.0,
            "min": 1.0,
            "max": 1.0,
            "count": 10
        },
        "RunFromPredator.IsTraining.sum": {
            "value": 1.0,
            "min": 1.0,
            "max": 1.0,
            "count": 10
        }
    },
    "metadata": {
        "timer_format_version": "0.1.0",
        "start_time_seconds": "1661715987",
        "python_version": "3.7.6 (tags/v3.7.6:43364a7ae0, Dec 19 2019, 00:42:30) [MSC v.1916 64 bit (AMD64)]",
        "command_line_arguments": "C:\\Users\\LEGION\\Desktop\\UnityProjs\\ModelTraining\\reinf\\Scripts\\mlagents-learn --initialize-from=AvoidPredatorY3Remake --run-id=AvoidPredatorY4",
        "mlagents_version": "0.29.0",
        "mlagents_envs_version": "0.29.0",
        "communication_protocol_version": "1.5.0",
        "pytorch_version": "1.7.0+cu110",
        "numpy_version": "1.21.2",
        "end_time_seconds": "1661717289"
    },
    "total": 1302.0005359,
    "count": 1,
    "self": 0.012886299999991024,
    "children": {
        "run_training.setup": {
            "total": 0.10032630000000009,
            "count": 1,
            "self": 0.10032630000000009
        },
        "TrainerController.start_learning": {
            "total": 1301.8873233,
            "count": 1,
            "self": 1.8841567999954805,
            "children": {
                "TrainerController._reset_env": {
                    "total": 12.5210314,
                    "count": 1,
                    "self": 12.5210314
                },
                "TrainerController.advance": {
                    "total": 1287.2752108000043,
                    "count": 72931,
                    "self": 1.9001616000061858,
                    "children": {
                        "env_step": {
                            "total": 961.2309291999967,
                            "count": 72931,
                            "self": 509.5096954000193,
                            "children": {
                                "SubprocessEnvManager._take_step": {
                                    "total": 450.60558969999215,
                                    "count": 72931,
                                    "self": 3.4578777000108403,
                                    "children": {
                                        "TorchPolicy.evaluate": {
                                            "total": 447.1477119999813,
                                            "count": 41685,
                                            "self": 97.36440919995437,
                                            "children": {
                                                "TorchPolicy.sample_actions": {
                                                    "total": 349.78330280002695,
                                                    "count": 41685,
                                                    "self": 349.78330280002695
                                                }
                                            }
                                        }
                                    }
                                },
                                "workers": {
                                    "total": 1.1156440999852446,
                                    "count": 72931,
                                    "self": 0.0,