{
    "name": "root",
    "metadata": {
        "timer_format_version": "0.1.0",
        "start_time_seconds": "1661685704",
        "python_version": "3.7.6 (tags/v3.7.6:43364a7ae0, Dec 19 2019, 00:42:30) [MSC v.1916 64 bit (AMD64)]",
        "command_line_arguments": "C:\\Users\\LEGION\\Desktop\\UnityProjs\\ModelTraining\\reinf\\Scripts\\mlagents-learn --run-id=RunFromPredX10",
        "mlagents_version": "0.29.0",
        "mlagents_envs_version": "0.29.0",
        "communication_protocol_version": "1.5.0",
        "pytorch_version": "1.7.0+cu110",
        "numpy_version": "1.21.2",
        "end_time_seconds": "1661685760"
    },
    "total": 55.8692304,
    "count": 1,
    "self": 10.007423500000002,
    "children": {
        "run_training.setup": {
            "total": 0.17321869999999961,
            "count": 1,
            "self": 0.17321869999999961
        },
        "TrainerController.start_learning": {
            "total": 45.6885882,
            "count": 1,
            "self": 0.010753600000008134,
            "children": {
                "TrainerController._reset_env": {
                    "total": 10.3143475,
                    "count": 1,
                    "self": 10.3143475
                },
                "TrainerController.advance": {
                    "total": 35.00767169999998,
                    "count": 457,
                    "self": 0.011208799999927521,
                    "children": {
                        "env_step": {
                            "total": 34.45726470000001,
                            "count": 457,
                            "self": 29.126167199999987,
                            "children": {
                                "SubprocessEnvManager._take_step": {
                                    "total": 5.324639700000006,
                                    "count": 458,
                                    "self": 0.034425000000034345,
                                    "children": {
                                        "TorchPolicy.evaluate": {
                                            "total": 5.2902146999999715,
                                            "count": 458,
                                            "self": 0.8151813999999504,
                                            "children": {
                                                "TorchPolicy.sample_actions": {
                                                    "total": 4.475033300000021,
                                                    "count": 458,
                                                    "self": 4.475033300000021
                                                }
                                            }
                                        }
                                    }
                                },
                                "workers": {
                                    "total": 0.0064578000000174995,
                                    "count": 456,
                                    "self": 0.0,
                                    "children": {
                                        "worker_root": {
                                            "total": 15.388357500000017,
                                            "count": 456,
                                            "is_parallel": true,
                                            "self": 9.390438700000018,
                                            "children": {
                                                "steps_from_proto": {
                                                    "total": 0.0007668000000000674,
                                                    "count": 1,
                                                    "is_parallel": true,
                                                    "self": 0.00040500000000065484,
                                                    "children": {
                                                        "_process_rank_one_or_two_observation": {
                                                            "total": 0.0003617999999994126,
                                                            "count": 2,
                                                            "is_parallel": true,
                                                            "self": 0.0003617999999994126
                                                        }
                                                    }
                                                },
                                                "UnityEnvironment.step": {
                                                    "total": 5.997151999999998,
                                                    "count": 456,
                                                    "is_parallel": true,
                                                    "self": 0.06840010000000518,
                                                    "children": {
                                                        "UnityEnvironment._generate_step_input": {
                                                            "total": 0.1212472999999985,
                                                            "count": 456,
                                                            "is_parallel": true,
                                                            "self": 0.1212472999999985
                                                        },
                                                        "communicator.exchange": {
                                                            "total": 5.609757300000025,
                                                            "count": 456,
                                                            "is_parallel": true,
                                                            "self": 5.609757300000025
                                                        },
                                                        "steps_from_proto": {
                                                            "total": 0.19774729999996943,
                                                            "count": 456,
                                                            "is_parallel": true,
                                                            "self": 0.116629899999948,
                                                            "children": {
                                                                "_process_rank_one_or_two_observation": {
                                                                    "total": 0.08111740000002143,
                                                                    "count": 912,
                                                                    "is_parallel": true,
                                                                    "self": 0.08111740000002143
                                                                }
                                                            }
                                                        }
                                                    }
                                                }
                                            }
                                        }
                                    }
                                }
                            }
                        },
                        "trainer_advance": {
                            "total": 0.5391982000000404,
                            "count": 456,
                            "self": 0.01307760000002034,
                            "children": {
                                "process_trajectory": {
                                    "total": 0.52612060000002,
                                    "count": 456,
                                    "self": 0.52612060000002
                                }
                            }
                        }
                    }
                },